{"cameraMode":{"drawMode":0,"name":"Shaded","section":"Shading Mode"},"sceneLighting":false,"audioPlay":false,"sceneViewState":{"m_AlwaysRefresh":false,"showFog":true,"showSkybox":false,"showFlares":true,"showImageEffects":true,"showParticleSystems":true,"showVisualEffectGraphs":true,"m_FxEnabled":true},"in2DMode":false,"pivot":{"x":25.109718322753908,"y":0.9597963094711304,"z":25.36737632751465},"rotation":{"x":0.03664757311344147,"y":0.7947566509246826,"z":-0.04822833463549614,"w":0.6039077639579773},"size":1.1865403652191163,"orthographic":false}